Column,Type,Nullable,Key,Described,InDto,DtoType,Signal
"ArrivedQty","Edm.Decimal","","","yes","yes","decimal","modelled"
"ASNDtlASNID","Edm.String","","","no","no","","not modelled"
"ASNDtlEDIShipQty","Edm.Decimal","","","no","no","","not modelled"
"ASNDtlEDIShipQtyUOM","Edm.String","","","no","no","","not modelled"
"AssemblySeq","Edm.Int32","","","yes","yes","int","modelled"
"AssemblySeqDescription","Edm.String","","","no","no","","not modelled"
"AttrClassID","Edm.String","","","yes","no","","not modelled"
"AttributeQtyMismatch","Edm.Boolean","","","yes","no","","not modelled"
"AttributeSetID","Edm.Int32","","","yes","no","","not modelled"
"BaseQty","Edm.Decimal","","","yes","yes","decimal","modelled"
"BaseUOM","Edm.String","","","yes","yes","string","modelled"
"BitFlag","Edm.Int32","","","no","no","","not modelled"
"BTOOrderLine","Edm.Int32","","","yes","no","","not modelled"
"BTOOrderNum","Edm.Int32","","","yes","no","","not modelled"
"BTOOrderRelNum","Edm.Int32","","","yes","no","","not modelled"
"Company","Edm.String","false","yes","yes","yes","string","modelled"
"ComplianceMsg","Edm.String","","","yes","no","","not modelled"
"Confirmed","Edm.Boolean","","","yes","yes","bool","modelled"
"ConfirmVia","Edm.String","","","yes","yes","string","modelled"
"ConsolidatedPO","Edm.Boolean","","","no","no","","not modelled"
"ContainerHeaderDueDate","Edm.DateTimeOffset","","","no","no","","not modelled"
"ContainerHeaderPromiseDate","Edm.DateTimeOffset","","","no","no","","not modelled"
"ContainerID","Edm.Int32","","","yes","no","","not modelled"
"ContainerShipped","Edm.Boolean","","","yes","no","","not modelled"
"ContractID","Edm.String","","","yes","no","","not modelled"
"ContractOrder","Edm.Boolean","","","yes","no","","not modelled"
"DeliverTo","Edm.String","","","yes","yes","string","modelled"
"DelPoSug","Edm.Boolean","","","no","no","","not modelled"
"DispGLAcct","Edm.String","","","yes","no","","not modelled"
"DropShip","Edm.Boolean","","","yes","yes","bool","modelled"
"DueDate","Edm.DateTimeOffset","","","yes","yes","DateTime","modelled"
"DueDateChanged","Edm.Boolean","","","yes","yes","bool","modelled"
"DynAttrValueSetDescription","Edm.String","","","no","no","","not modelled"
"DynAttrValueSetShortDescription","Edm.String","","","no","no","","not modelled"
"EDIEstimatedDockDate","Edm.DateTimeOffset","","","yes","no","","not modelled"
"EDIShipReferenceData","Edm.String","","","yes","no","","not modelled"
"EDIShipReferenceType","Edm.String","","","yes","no","","not modelled"
"EnableBTOOrderNum","Edm.Boolean","","","yes","no","","not modelled"
"EnableDynAttrButton","Edm.Boolean","","","yes","no","","not modelled"
"EnableGLAcct","Edm.Boolean","","","yes","no","","not modelled"
"EpicorFSA","Edm.Boolean","","","yes","no","","not modelled"
"EstUnitCost","Edm.Decimal","","","no","no","","not modelled"
"ExpDesc","Edm.String","","","no","no","","not modelled"
"ExpOverride","Edm.Boolean","","","yes","no","","not modelled"
"ExtCompany","Edm.String","","","yes","no","","not modelled"
"FailedQty","Edm.Decimal","","","yes","yes","decimal","modelled"
"FirmRelease","Edm.Boolean","","","yes","yes","bool","modelled"
"FromPOSugChg","Edm.Boolean","","","no","no","","not modelled"
"GlbCompany","Edm.String","","","yes","no","","not modelled"
"GlbCreateJobMtl","Edm.Boolean","","","yes","no","","not modelled"
"GlbPlant","Edm.String","","","yes","no","","not modelled"
"GlbPlantName","Edm.String","","","no","no","","not modelled"
"GlbWarehouse","Edm.String","","","yes","no","","not modelled"
"GlbWhseName","Edm.String","","","no","no","","not modelled"
"Inspection","Edm.Boolean","","","no","yes","bool","modelled"
"InspectionQty","Edm.Decimal","","","yes","yes","decimal","modelled"
"InvoicedQty","Edm.Decimal","","","yes","yes","decimal","modelled"
"IsMultiRel","Edm.Boolean","","","yes","no","","not modelled"
"IUM","Edm.String","","","no","yes","string","modelled"
"JobMtlSeq","Edm.Int32","","","no","no","","not modelled"
"JobNum","Edm.String","","","yes","yes","string","modelled"
"JobOprSeq","Edm.Int32","","","no","no","","not modelled"
"JobSeq","Edm.Int32","","","yes","yes","int","modelled"
"JobSeqType","Edm.String","","","yes","yes","string","modelled"
"Linked","Edm.Boolean","","","yes","no","","not modelled"
"LinkToContract","Edm.Boolean","","","yes","no","","not modelled"
"Lock","Edm.Boolean","","","yes","no","","not modelled"
"LockDate","Edm.Boolean","","","yes","no","","not modelled"
"LockNeedByDate","Edm.Boolean","","","yes","no","","not modelled"
"LockQty","Edm.Boolean","","","yes","no","","not modelled"
"LockRel","Edm.String","","","yes","no","","not modelled"
"MangCustID","Edm.String","","","yes","no","","not modelled"
"MangCustName","Edm.String","","","yes","no","","not modelled"
"MangCustNum","Edm.Int32","","","yes","no","","not modelled"
"Mapping","Edm.Boolean","","","yes","no","","not modelled"
"NeedByDate","Edm.DateTimeOffset","","","yes","yes","DateTime","modelled"
"NoTaxRecalc","Edm.Boolean","","","yes","no","","not modelled"
"NotCompliant","Edm.Boolean","","","yes","no","","not modelled"
"NumberOfPieces","Edm.Int32","","","yes","no","","not modelled"
"NumberOfPiecesUOM","Edm.String","","","yes","no","","not modelled"
"OpenRelease","Edm.Boolean","","","yes","yes","bool","modelled"
"OrderHeld","Edm.Boolean","","","yes","no","","not modelled"
"OrderLine","Edm.Int32","","","yes","yes","int","modelled"
"OrderNum","Edm.Int32","","","yes","yes","int","modelled"
"OrderRelNum","Edm.Int32","","","yes","yes","int","modelled"
"OTSAddress1","Edm.String","","","yes","no","","not modelled"
"OTSAddress2","Edm.String","","","yes","no","","not modelled"
"OTSAddress3","Edm.String","","","yes","no","","not modelled"
"OTSCity","Edm.String","","","yes","no","","not modelled"
"OTSContact","Edm.String","","","yes","no","","not modelled"
"OTSCountryNum","Edm.Int32","","","yes","no","","not modelled"
"OTSEMailAddress","Edm.String","","","yes","no","","not modelled"
"OTSFaxNum","Edm.String","","","yes","no","","not modelled"
"OTSName","Edm.String","","","yes","no","","not modelled"
"OTSPhoneNum","Edm.String","","","yes","no","","not modelled"
"OTSResaleID","Edm.String","","","yes","no","","not modelled"
"OTSState","Edm.String","","","yes","no","","not modelled"
"OTSTaxValidationDate","Edm.DateTimeOffset","","","yes","no","","not modelled"
"OTSTaxValidationStatus","Edm.Int32","","","yes","no","","not modelled"
"OTSZIP","Edm.String","","","yes","no","","not modelled"
"PassedQty","Edm.Decimal","","","yes","yes","decimal","modelled"
"PhaseID","Edm.String","","","yes","no","","not modelled"
"PlanningNumberOfPieces","Edm.Int32","","","yes","no","","not modelled"
"Plant","Edm.String","","","yes","yes","string","modelled"
"PlantName","Edm.String","","","no","no","","not modelled"
"POHeaderApprove","Edm.Boolean","","","no","no","","not modelled"
"POLine","Edm.Int32","false","yes","yes","yes","int","modelled"
"POLineLineDesc","Edm.String","","","no","no","","not modelled"
"POLinePartNum","Edm.String","","","no","no","","not modelled"
"POLineRevisionNum","Edm.String","","","no","no","","not modelled"
"POLineVenPartNum","Edm.String","","","no","no","","not modelled"
"PONum","Edm.Int32","false","yes","yes","yes","int","modelled"
"PONumShipName","Edm.String","","","no","no","","not modelled"
"PONumShipToConName","Edm.String","","","no","no","","not modelled"
"PORelNum","Edm.Int32","false","yes","yes","yes","int","modelled"
"PORelOpen","Edm.Boolean","","","yes","no","","not modelled"
"POType","Edm.String","","","yes","no","","not modelled"
"PreviousDueDate","Edm.DateTimeOffset","","","yes","no","","not modelled"
"ProjectID","Edm.String","","","yes","no","","not modelled"
"ProjectIDDescription","Edm.String","","","no","no","","not modelled"
"ProjProcessed","Edm.Boolean","","","yes","no","","not modelled"
"PromiseDt","Edm.DateTimeOffset","","","yes","yes","DateTime","modelled"
"PUM","Edm.String","","","yes","yes","string","modelled"
"PurchasingFactor","Edm.Decimal","","","yes","no","","not modelled"
"PurchasingFactorDirection","Edm.String","","","yes","no","","not modelled"
"PurPoint","Edm.String","","","yes","yes","string","modelled"
"ReceivedQty","Edm.Decimal","","","yes","yes","decimal","modelled"
"RefCode","Edm.String","","","yes","no","","not modelled"
"RefCodeDesc","Edm.String","","","yes","no","","not modelled"
"RefCodeStatus","Edm.String","","","no","no","","not modelled"
"RefDisplayAccount","Edm.String","","","yes","no","","not modelled"
"RefType","Edm.String","","","yes","no","","not modelled"
"RelQty","Edm.Decimal","","","yes","yes","decimal","modelled"
"ReqChgDate","Edm.DateTimeOffset","","","yes","no","","not modelled"
"ReqChgPromiseDate","Edm.DateTimeOffset","","","yes","no","","not modelled"
"ReqChgQty","Edm.Decimal","","","yes","no","","not modelled"
"ReqLine","Edm.Int32","","","yes","yes","int","modelled"
"ReqLineLineDesc","Edm.String","","","no","no","","not modelled"
"ReqNum","Edm.Int32","","","yes","yes","int","modelled"
"ReqNumShipName","Edm.String","","","no","no","","not modelled"
"ReqNumShipToConName","Edm.String","","","no","no","","not modelled"
"RowMod","Edm.String","","","yes","yes","string","modelled"
"ShippedDate","Edm.DateTimeOffset","","","yes","yes","DateTime","modelled"
"ShippedQty","Edm.Decimal","","","yes","yes","decimal","modelled"
"ShipToAddressList","Edm.String","","","no","no","","not modelled"
"ShipToAddrFormatted","Edm.String","","","yes","no","","not modelled"
"ShipToCustNum","Edm.Int32","","","yes","no","","not modelled"
"ShipToCustNumBTName","Edm.String","","","no","no","","not modelled"
"ShipToCustNumCustID","Edm.String","","","no","no","","not modelled"
"ShipToCustNumInactive","Edm.Boolean","","","no","no","","not modelled"
"ShipToCustNumName","Edm.String","","","no","no","","not modelled"
"ShipToNum","Edm.String","","","yes","no","","not modelled"
"ShipToNumInactive","Edm.Boolean","","","no","no","","not modelled"
"ShpConNum","Edm.Int32","","","yes","no","","not modelled"
"SMIRcvdQty","Edm.Decimal","","","yes","no","","not modelled"
"SMIRemQty","Edm.Decimal","","","yes","no","","not modelled"
"SoldToNum","Edm.Int32","","","yes","no","","not modelled"
"SoldToNumBTName","Edm.String","","","no","no","","not modelled"
"SoldToNumCustID","Edm.String","","","no","no","","not modelled"
"SoldToNumInactive","Edm.Boolean","","","no","no","","not modelled"
"SoldToNumName","Edm.String","","","no","no","","not modelled"
"Status","Edm.String","","","yes","yes","string","modelled"
"StatusDescription","Edm.String","","","yes","no","","not modelled"
"SysRevID","Edm.Int64","","","yes","yes","long","modelled"
"SysRowID","Edm.Guid","","","yes","yes","string","modelled"
"Taxable","Edm.Boolean","","","yes","yes","bool","modelled"
"TaxExempt","Edm.String","","","yes","no","","not modelled"
"DocTotalDedTax","Edm.Decimal","","","yes","no","","not modelled"
"Rpt1TotalDedTax","Edm.Decimal","","","yes","no","","not modelled"
"Rpt2TotalDedTax","Edm.Decimal","","","yes","no","","not modelled"
"Rpt3TotalDedTax","Edm.Decimal","","","yes","no","","not modelled"
"TotalDedTax","Edm.Decimal","","","yes","no","","not modelled"
"DocTotalSATax","Edm.Decimal","","","yes","no","","not modelled"
"Rpt1TotalSATax","Edm.Decimal","","","yes","no","","not modelled"
"Rpt2TotalSATax","Edm.Decimal","","","yes","no","","not modelled"
"Rpt3TotalSATax","Edm.Decimal","","","yes","no","","not modelled"
"TotalSATax","Edm.Decimal","","","yes","no","","not modelled"
"DocTotalTax","Edm.Decimal","","","yes","no","","not modelled"
"Rpt1TotalTax","Edm.Decimal","","","yes","no","","not modelled"
"Rpt2TotalTax","Edm.Decimal","","","yes","no","","not modelled"
"Rpt3TotalTax","Edm.Decimal","","","yes","no","","not modelled"
"TotalTax","Edm.Decimal","","","yes","no","","not modelled"
"TrackInventoryAttributes","Edm.Boolean","","","yes","no","","not modelled"
"TrackInventoryByRevision","Edm.Boolean","","","no","no","","not modelled"
"TranType","Edm.String","","","yes","no","","not modelled"
"TranTypeDesc","Edm.String","","","yes","no","","not modelled"
"UD_SysRevID","Edm.Binary","","","no","no","","not modelled"
"UseGlbFields","Edm.Boolean","","","yes","no","","not modelled"
"UseOTS","Edm.Boolean","","","yes","no","","not modelled"
"VendorID","Edm.String","","","yes","no","","not modelled"
"VendorName","Edm.String","","","yes","no","","not modelled"
"VoidRelease","Edm.Boolean","","","yes","yes","bool","modelled"
"WarehouseCode","Edm.String","","","yes","yes","string","modelled"
"WarehouseCodeDescription","Edm.String","","","no","no","","not modelled"
"WarehouseCodeInactive","Edm.Boolean","","","no","no","","not modelled"
"WBSPhaseDescription","Edm.String","","","no","no","","not modelled"
"WBSPhaseID","Edm.String","","","yes","no","","not modelled"
"XRelQty","Edm.Decimal","","","yes","no","","not modelled"
